[
null,
{"id":1,"expanded":false,"name":"exterior","order":1,"parentId":0,"scrollX":811,"scrollY":1371},
{"id":2,"expanded":false,"name":"foyer-living","order":2,"parentId":0,"scrollX":819,"scrollY":461},
{"id":3,"expanded":false,"name":"dining hall","order":3,"parentId":0,"scrollX":819,"scrollY":461},
{"id":4,"expanded":false,"name":"kitchen","order":4,"parentId":0,"scrollX":819,"scrollY":461},
{"id":5,"expanded":false,"name":"bedroom-bath","order":5,"parentId":0,"scrollX":819,"scrollY":461},
{"id":6,"expanded":false,"name":"animation test","order":8,"parentId":0,"scrollX":819,"scrollY":461},
{"id":7,"expanded":false,"name":"library","order":6,"parentId":0,"scrollX":819,"scrollY":461},
{"id":8,"expanded":false,"name":"basement","order":7,"parentId":0,"scrollX":819,"scrollY":461}
]